PRAGMA foreign_keys=OFF;
BEGIN TRANSACTION;
CREATE TABLE IF NOT EXISTS "django_migrations" ("id" integer NOT NULL PRIMARY KEY AUTOINCREMENT, "app" varchar(255) NOT NULL, "name" varchar(255) NOT NULL, "applied" datetime NOT NULL);
INSERT INTO django_migrations VALUES(1,'contenttypes','0001_initial','2024-05-30 17:47:05.622183');
INSERT INTO django_migrations VALUES(2,'auth','0001_initial','2024-05-30 17:47:05.627554');
INSERT INTO django_migrations VALUES(3,'admin','0001_initial','2024-05-30 17:47:05.630558');
INSERT INTO django_migrations VALUES(4,'admin','0002_logentry_remove_auto_add','2024-05-30 17:47:05.634006');
INSERT INTO django_migrations VALUES(5,'admin','0003_logentry_add_action_flag_choices','2024-05-30 17:47:05.636335');
INSERT INTO django_migrations VALUES(6,'contenttypes','0002_remove_content_type_name','2024-05-30 17:47:05.650112');
INSERT INTO django_migrations VALUES(7,'auth','0002_alter_permission_name_max_length','2024-05-30 17:47:05.653735');
INSERT INTO django_migrations VALUES(8,'auth','0003_alter_user_email_max_length','2024-05-30 17:47:05.657255');
INSERT INTO django_migrations VALUES(9,'auth','0004_alter_user_username_opts','2024-05-30 17:47:05.659517');
INSERT INTO django_migrations VALUES(10,'auth','0005_alter_user_last_login_null','2024-05-30 17:47:05.662829');
INSERT INTO django_migrations VALUES(11,'auth','0006_require_contenttypes_0002','2024-05-30 17:47:05.663276');
INSERT INTO django_migrations VALUES(12,'auth','0007_alter_validators_add_error_messages','2024-05-30 17:47:05.665656');
INSERT INTO django_migrations VALUES(13,'auth','0008_alter_user_username_max_length','2024-05-30 17:47:05.668920');
INSERT INTO django_migrations VALUES(14,'auth','0009_alter_user_last_name_max_length','2024-05-30 17:47:05.673307');
INSERT INTO django_migrations VALUES(15,'auth','0010_alter_group_name_max_length','2024-05-30 17:47:05.676536');
INSERT INTO django_migrations VALUES(16,'auth','0011_update_proxy_permissions','2024-05-30 17:47:05.678752');
INSERT INTO django_migrations VALUES(17,'auth','0012_alter_user_first_name_max_length','2024-05-30 17:47:05.681940');
INSERT INTO django_migrations VALUES(18,'sessions','0001_initial','2024-05-30 17:47:05.683152');
INSERT INTO django_migrations VALUES(19,'webapp','0001_initial','2024-05-30 17:59:24.971194');
INSERT INTO django_migrations VALUES(20,'webapp','0002_duty_title_alterstaff_unit_options','2024-05-30 18:08:09.673159');
INSERT INTO django_migrations VALUES(21,'webapp','0003_payroll','2024-05-30 18:15:50.375663');
INSERT INTO django_migrations VALUES(22,'webapp','0004_delete_duty_delete_payroll_delete_title_deletestaff_unit','2024-05-30 18:18:27.454406');
INSERT INTO django_migrations VALUES(23,'webapp','0005_initial','2024-05-30 18:23:06.339384');
INSERT INTO django_migrations VALUES(24,'webapp','0006_staff','2024-05-30 19:06:39.168562');
INSERT INTO django_migrations VALUES(25,'webapp','0007_staff_is_active','2024-05-30 19:33:37.069360');
INSERT INTO django_migrations VALUES(26,'staff','0001_initial','2024-06-08 20:24:45.128165');
CREATE TABLE IF NOT EXISTS "auth_group_permissions" ("id" integer NOT NULL PRIMARY KEY AUTOINCREMENT, "group_id" integer NOT NULL REFERENCES "auth_group" ("id") DEFERRABLE INITIALLY DEFERRED, "permission_id" integer NOT NULL REFERENCES "auth_permission" ("id") DEFERRABLE INITIALLY DEFERRED);
CREATE TABLE IF NOT EXISTS "auth_user_groups" ("id" integer NOT NULL PRIMARY KEY AUTOINCREMENT, "user_id" integer NOT NULL REFERENCES "auth_user" ("id") DEFERRABLE INITIALLY DEFERRED, "group_id" integer NOT NULL REFERENCES "auth_group" ("id") DEFERRABLE INITIALLY DEFERRED);
CREATE TABLE IF NOT EXISTS "auth_user_user_permissions" ("id" integer NOT NULL PRIMARY KEY AUTOINCREMENT, "user_id" integer NOT NULL REFERENCES "auth_user" ("id") DEFERRABLE INITIALLY DEFERRED, "permission_id" integer NOT NULL REFERENCES "auth_permission" ("id") DEFERRABLE INITIALLY DEFERRED);
CREATE TABLE IF NOT EXISTS "django_admin_log" ("id" integer NOT NULL PRIMARY KEY AUTOINCREMENT, "object_id" text NULL, "object_repr" varchar(200) NOT NULL, "action_flag" smallint unsigned NOT NULL CHECK ("action_flag" >= 0), "change_message" text NOT NULL, "content_type_id" integer NULL REFERENCES "django_content_type" ("id") DEFERRABLE INITIALLY DEFERRED, "user_id" integer NOT NULL REFERENCES "auth_user" ("id") DEFERRABLE INITIALLY DEFERRED, "action_time" datetime NOT NULL);
INSERT INTO django_admin_log VALUES(1,'1','Unit object (1)',1,'[{"added": {}}]',7,1,'2024-05-30 18:01:41.209905');
INSERT INTO django_admin_log VALUES(2,'1','-',1,'[{"added": {}}]',8,1,'2024-05-30 18:16:06.267142');
INSERT INTO django_admin_log VALUES(3,'1','-',1,'[{"added": {}}]',10,1,'2024-05-30 18:16:09.692308');
INSERT INTO django_admin_log VALUES(4,'1','-',1,'[{"added": {}}]',9,1,'2024-05-30 18:16:18.416445');
INSERT INTO django_admin_log VALUES(5,'1','-',1,'[{"added": {}}]',7,1,'2024-05-30 18:23:29.221714');
INSERT INTO django_admin_log VALUES(6,'1','-',1,'[{"added": {}}]',8,1,'2024-05-30 18:23:31.492741');
INSERT INTO django_admin_log VALUES(7,'1','-',1,'[{"added": {}}]',10,1,'2024-05-30 18:23:34.156716');
INSERT INTO django_admin_log VALUES(8,'1','-',1,'[{"added": {}}]',9,1,'2024-05-30 18:23:36.270834');
INSERT INTO django_admin_log VALUES(9,'10','MEHTAP AKIN IRMAK',2,'[{"changed": {"fields": ["Duty"]}}]',11,1,'2024-05-30 19:56:19.687905');
INSERT INTO django_admin_log VALUES(10,'9','ZEYNEP TURAN',2,'[{"changed": {"fields": ["Duty"]}}]',11,1,'2024-05-30 19:56:30.159765');
INSERT INTO django_admin_log VALUES(11,'10','MEHTAP AKIN IRMAK',2,'[{"changed": {"fields": ["Duty"]}}]',11,1,'2024-05-30 19:56:36.791485');
INSERT INTO django_admin_log VALUES(12,'1','GÜNER ÖZLÜK',2,'[{"changed": {"fields": ["Duty"]}}]',11,1,'2024-05-30 19:57:35.378260');
INSERT INTO django_admin_log VALUES(13,'7','Dış',2,'[{"changed": {"fields": ["Name"]}}]',7,1,'2024-05-30 19:57:46.192531');
INSERT INTO django_admin_log VALUES(14,'4','Bayındırlık',2,'[{"changed": {"fields": ["Name"]}}]',7,1,'2024-05-30 19:57:50.435386');
INSERT INTO django_admin_log VALUES(15,'3','Proje ve Kontrol',2,'[{"changed": {"fields": ["Name"]}}]',7,1,'2024-05-30 19:57:54.258488');
INSERT INTO django_admin_log VALUES(16,'10','Şehir ve Bölge Plancısı',2,'[{"changed": {"fields": ["Name"]}}]',9,1,'2024-05-30 19:58:34.298842');
INSERT INTO django_admin_log VALUES(17,'9','Harita ve Kadastro Teknikeri',2,'[{"changed": {"fields": ["Name"]}}]',9,1,'2024-05-30 19:58:45.975658');
INSERT INTO django_admin_log VALUES(18,'8','Harita Mühendisi',2,'[{"changed": {"fields": ["Name"]}}]',9,1,'2024-05-30 19:58:53.482780');
INSERT INTO django_admin_log VALUES(19,'6','Peyzaj Mimarı',2,'[{"changed": {"fields": ["Name"]}}]',9,1,'2024-05-30 19:59:03.078091');
INSERT INTO django_admin_log VALUES(20,'4','Yüksek Mimar',2,'[{"changed": {"fields": ["Name"]}}]',9,1,'2024-05-30 19:59:09.480104');
INSERT INTO django_admin_log VALUES(21,'3','İnşaat Mühendisi',2,'[{"changed": {"fields": ["Name"]}}]',9,1,'2024-05-30 19:59:16.352951');
INSERT INTO django_admin_log VALUES(22,'2','İnşaat Yüksek Mühendisi',2,'[{"changed": {"fields": ["Name"]}}]',9,1,'2024-05-30 19:59:25.121301');
INSERT INTO django_admin_log VALUES(23,'5','DEMET ORBEYİ GÜZEL',2,'[{"changed": {"fields": ["Duty"]}}]',11,1,'2024-05-30 20:00:06.013681');
INSERT INTO django_admin_log VALUES(24,'6','ÖZLEM ÇITAK',2,'[{"changed": {"fields": ["Duty"]}}]',11,1,'2024-05-30 20:01:08.764276');
INSERT INTO django_admin_log VALUES(25,'4','MEHMET KAMİL CERTEL',2,'[{"changed": {"fields": ["Duty"]}}]',11,1,'2024-05-30 20:01:20.701764');
INSERT INTO django_admin_log VALUES(26,'3','SÜLEYMAN TANJU KULAÇ',2,'[{"changed": {"fields": ["Duty"]}}]',11,1,'2024-05-30 20:01:31.715552');
INSERT INTO django_admin_log VALUES(27,'2','MÜGE TINAS',2,'[{"changed": {"fields": ["Duty"]}}]',11,1,'2024-05-30 20:01:56.115564');
INSERT INTO django_admin_log VALUES(28,'8','ESRA SÖZER',2,'[{"changed": {"fields": ["Duty"]}}]',11,1,'2024-05-30 20:02:07.973767');
INSERT INTO django_admin_log VALUES(29,'7','ÇARE CAĞALOĞLU',2,'[{"changed": {"fields": ["Duty"]}}]',11,1,'2024-05-30 20:02:24.432915');
INSERT INTO django_admin_log VALUES(30,'13','HÜSEYİN İLDEM',2,'[{"changed": {"fields": ["Duty"]}}]',11,1,'2024-06-03 11:34:46.942139');
INSERT INTO django_admin_log VALUES(31,'12','ONUR PAKÇE',2,'[{"changed": {"fields": ["Duty"]}}]',11,1,'2024-06-03 11:35:00.127506');
INSERT INTO django_admin_log VALUES(32,'11','HASAN GÜLER',2,'[{"changed": {"fields": ["Duty"]}}]',11,1,'2024-06-03 11:35:09.958929');
INSERT INTO django_admin_log VALUES(33,'50','MEHMET YILDIZ',2,'[{"changed": {"fields": ["Duty"]}}]',11,1,'2024-06-03 11:36:15.164226');
INSERT INTO django_admin_log VALUES(34,'49','VOLKAN GÜVENEK',2,'[{"changed": {"fields": ["Duty"]}}]',11,1,'2024-06-03 11:36:25.254664');
INSERT INTO django_admin_log VALUES(35,'48','TARIK TEKİN',2,'[{"changed": {"fields": ["Duty"]}}]',11,1,'2024-06-03 11:37:14.650768');
INSERT INTO django_admin_log VALUES(36,'47','SERDAR BAĞ',2,'[{"changed": {"fields": ["Duty"]}}]',11,1,'2024-06-03 11:37:22.983390');
INSERT INTO django_admin_log VALUES(37,'46','HAKAN MERCAN',2,'[{"changed": {"fields": ["Duty"]}}]',11,1,'2024-06-03 11:37:28.997529');
INSERT INTO django_admin_log VALUES(38,'45','GÜRKAN BALCILAR',2,'[{"changed": {"fields": ["Duty"]}}]',11,1,'2024-06-03 11:37:35.369858');
INSERT INTO django_admin_log VALUES(39,'44','FATİH GÜLE',2,'[{"changed": {"fields": ["Duty"]}}]',11,1,'2024-06-03 11:37:46.407678');
INSERT INTO django_admin_log VALUES(40,'43','FERHAT SÜREN',2,'[{"changed": {"fields": ["Duty"]}}]',11,1,'2024-06-03 11:37:53.074532');
INSERT INTO django_admin_log VALUES(41,'42','COŞKUN KÖKSALAN',2,'[{"changed": {"fields": ["Duty"]}}]',11,1,'2024-06-03 11:38:01.687112');
INSERT INTO django_admin_log VALUES(42,'41','CANER KUBLAY',2,'[{"changed": {"fields": ["Duty"]}}]',11,1,'2024-06-03 11:38:07.337354');
INSERT INTO django_admin_log VALUES(43,'40','BURHAN GÜZEL',2,'[{"changed": {"fields": ["Duty"]}}]',11,1,'2024-06-03 11:38:12.304547');
INSERT INTO django_admin_log VALUES(44,'39','AYKUT AYTEKİN',2,'[{"changed": {"fields": ["Duty"]}}]',11,1,'2024-06-03 11:38:48.954826');
INSERT INTO django_admin_log VALUES(45,'38','AKIN ERCEYLAN',2,'[{"changed": {"fields": ["Duty"]}}]',11,1,'2024-06-03 11:38:55.051555');
INSERT INTO django_admin_log VALUES(46,'37','ADEM KÖKSALAN',2,'[{"changed": {"fields": ["Duty"]}}]',11,1,'2024-06-03 11:39:00.216581');
INSERT INTO django_admin_log VALUES(47,'36','ABDÜLSAMET ARVAS',2,'[{"changed": {"fields": ["Duty"]}}]',11,1,'2024-06-03 11:39:06.874664');
INSERT INTO django_admin_log VALUES(48,'35','ÖNDER KIZILLAR',2,'[{"changed": {"fields": ["Duty"]}}]',11,1,'2024-06-03 11:39:16.550163');
INSERT INTO django_admin_log VALUES(49,'34','SÜLEYMAN GÜNEŞ',2,'[{"changed": {"fields": ["Duty"]}}]',11,1,'2024-06-03 11:39:32.069940');
INSERT INTO django_admin_log VALUES(50,'33','RECAİ ŞAHİN',2,'[{"changed": {"fields": ["Duty"]}}]',11,1,'2024-06-03 11:39:42.269939');
INSERT INTO django_admin_log VALUES(51,'32','FIRAT YILMAZ',2,'[{"changed": {"fields": ["Duty"]}}]',11,1,'2024-06-03 11:39:51.010691');
INSERT INTO django_admin_log VALUES(52,'30','FERDİ SÖNMEZ',2,'[{"changed": {"fields": ["Duty"]}}]',11,1,'2024-06-03 11:40:05.998826');
INSERT INTO django_admin_log VALUES(53,'29','ERCAN ÇAĞRIN',2,'[{"changed": {"fields": ["Duty"]}}]',11,1,'2024-06-03 11:40:12.090603');
INSERT INTO django_admin_log VALUES(54,'28','TURGUT GAŞGİL',2,'[{"changed": {"fields": ["Duty"]}}]',11,1,'2024-06-03 11:40:17.810221');
INSERT INTO django_admin_log VALUES(55,'26','SÜLEYMAN ERKÖSE',2,'[{"changed": {"fields": ["Duty"]}}]',11,1,'2024-06-03 11:40:26.327643');
INSERT INTO django_admin_log VALUES(56,'25','HÜSEYİN AYTEKİN',2,'[{"changed": {"fields": ["Duty"]}}]',11,1,'2024-06-03 11:41:02.788904');
INSERT INTO django_admin_log VALUES(57,'24','MEHMET ESEN',2,'[{"changed": {"fields": ["Duty"]}}]',11,1,'2024-06-03 11:41:19.372237');
INSERT INTO django_admin_log VALUES(58,'23','HÜSEYİN MUTLUER',2,'[{"changed": {"fields": ["Duty"]}}]',11,1,'2024-06-03 11:41:30.821485');
INSERT INTO django_admin_log VALUES(59,'21','SEZGİN KARADAĞ',2,'[{"changed": {"fields": ["Duty"]}}]',11,1,'2024-06-03 11:41:50.968769');
INSERT INTO django_admin_log VALUES(60,'20','ETHEM GÜRSUL',2,'[{"changed": {"fields": ["Duty"]}}]',11,1,'2024-06-03 11:41:59.542604');
INSERT INTO django_admin_log VALUES(61,'19','ALİ GÜDEN',2,'[{"changed": {"fields": ["Duty"]}}]',11,1,'2024-06-03 11:42:20.085361');
INSERT INTO django_admin_log VALUES(62,'18','HASAN GÖKŞEN',2,'[{"changed": {"fields": ["Duty"]}}]',11,1,'2024-06-03 11:43:09.143903');
INSERT INTO django_admin_log VALUES(63,'17','BARIŞ OĞUL',2,'[{"changed": {"fields": ["Duty"]}}]',11,1,'2024-06-03 11:43:23.166837');
INSERT INTO django_admin_log VALUES(64,'15','YAŞAR BORAK',2,'[{"changed": {"fields": ["Duty"]}}]',11,1,'2024-06-03 11:43:32.826412');
INSERT INTO django_admin_log VALUES(65,'14','GÖRKEM KESKİN',2,'[{"changed": {"fields": ["Duty"]}}]',11,1,'2024-06-03 11:43:50.852697');
INSERT INTO django_admin_log VALUES(66,'31','SERKAN DURGUN',2,'[{"changed": {"fields": ["Duty"]}}]',11,1,'2024-06-03 11:44:34.516677');
INSERT INTO django_admin_log VALUES(67,'27','MURAT DURGUN',2,'[{"changed": {"fields": ["Duty"]}}]',11,1,'2024-06-03 11:44:45.933765');
INSERT INTO django_admin_log VALUES(68,'22','İBRAHİM COŞAR',2,'[{"changed": {"fields": ["Duty"]}}]',11,1,'2024-06-03 11:45:00.337265');
INSERT INTO django_admin_log VALUES(69,'16','MEHMET EMİN BOZHAN',2,'[{"changed": {"fields": ["Duty"]}}]',11,1,'2024-06-03 11:45:08.017642');
INSERT INTO django_admin_log VALUES(70,'67','OZAN BUKOVA',2,'[{"changed": {"fields": ["Duty"]}}]',11,1,'2024-06-03 11:46:07.674155');
INSERT INTO django_admin_log VALUES(71,'62','ÖZKAN İŞCEN',2,'[{"changed": {"fields": ["Duty"]}}]',11,1,'2024-06-03 11:46:20.867324');
INSERT INTO django_admin_log VALUES(72,'66','ERDAL KAYA',2,'[{"changed": {"fields": ["Duty"]}}]',11,1,'2024-06-03 11:46:29.777780');
INSERT INTO django_admin_log VALUES(73,'69','TAMER EROĞLU',2,'[{"changed": {"fields": ["Duty"]}}]',11,1,'2024-06-03 11:46:39.463899');
INSERT INTO django_admin_log VALUES(74,'68','MUSTAFA KEMAL KÖKSAL',2,'[{"changed": {"fields": ["Duty"]}}]',11,1,'2024-06-03 11:46:46.421228');
INSERT INTO django_admin_log VALUES(75,'65','TOLGA ONAR',2,'[{"changed": {"fields": ["Duty"]}}]',11,1,'2024-06-03 11:46:57.617325');
INSERT INTO django_admin_log VALUES(76,'64','TAYFUN DERTLİ',2,'[{"changed": {"fields": ["Duty"]}}]',11,1,'2024-06-03 11:47:09.100401');
INSERT INTO django_admin_log VALUES(77,'63','MUSTAFA YILDIRIM',2,'[{"changed": {"fields": ["Duty"]}}]',11,1,'2024-06-03 11:47:17.571029');
INSERT INTO django_admin_log VALUES(78,'61','MUSTAFA ÖZTÜRK',2,'[{"changed": {"fields": ["Duty"]}}]',11,1,'2024-06-03 11:47:34.497255');
INSERT INTO django_admin_log VALUES(79,'60','TOLGA KUTLUAY',2,'[{"changed": {"fields": ["Duty"]}}]',11,1,'2024-06-03 11:47:51.128903');
INSERT INTO django_admin_log VALUES(80,'59','ONUR PEKER',2,'[{"changed": {"fields": ["Duty"]}}]',11,1,'2024-06-03 11:48:08.597121');
INSERT INTO django_admin_log VALUES(81,'58','MUSTAFA KARAAĞAÇ',2,'[{"changed": {"fields": ["Duty"]}}]',11,1,'2024-06-03 11:48:20.367223');
INSERT INTO django_admin_log VALUES(82,'57','MEHMET CERYAN',2,'[{"changed": {"fields": ["Duty"]}}]',11,1,'2024-06-03 11:48:30.984144');
INSERT INTO django_admin_log VALUES(83,'56','BASRİ PARLAK',2,'[{"changed": {"fields": ["Duty"]}}]',11,1,'2024-06-03 11:48:57.736645');
INSERT INTO django_admin_log VALUES(84,'55','VEYSEL AÇIKOĞLU',2,'[{"changed": {"fields": ["Duty"]}}]',11,1,'2024-06-03 11:49:12.836901');
INSERT INTO django_admin_log VALUES(85,'54','SEDEN İRGİLİ',2,'[{"changed": {"fields": ["Duty"]}}]',11,1,'2024-06-03 11:49:28.574803');
INSERT INTO django_admin_log VALUES(86,'53','GÖRKEM KIZILYEL',2,'[{"changed": {"fields": ["Duty"]}}]',11,1,'2024-06-03 11:49:42.535300');
INSERT INTO django_admin_log VALUES(87,'41','Tesisatçı',2,'[{"changed": {"fields": ["Name"]}}]',8,1,'2024-06-03 11:50:05.477582');
INSERT INTO django_admin_log VALUES(88,'52','MUSTAFA KUM',2,'[{"changed": {"fields": ["Duty"]}}]',11,1,'2024-06-03 11:51:22.126102');
INSERT INTO django_admin_log VALUES(89,'51','H.TARHAN ARSLAN',2,'[{"changed": {"fields": ["Duty"]}}]',11,1,'2024-06-03 11:51:33.491079');
INSERT INTO django_admin_log VALUES(90,'77','MEHMET TOPAL',2,'[{"changed": {"fields": ["Duty"]}}]',11,1,'2024-06-03 11:51:45.250765');
INSERT INTO django_admin_log VALUES(91,'71','TÜRKER YILMAZ',2,'[{"changed": {"fields": ["Duty"]}}]',11,1,'2024-06-03 11:51:54.302380');
INSERT INTO django_admin_log VALUES(92,'70','BURAK ULAMIŞLI',2,'[{"changed": {"fields": ["Duty"]}}]',11,1,'2024-06-03 11:52:03.629472');
INSERT INTO django_admin_log VALUES(93,'78','KANİ KIPKIP',2,'[{"changed": {"fields": ["Duty"]}}]',11,1,'2024-06-03 11:52:18.852018');
INSERT INTO django_admin_log VALUES(94,'85','UĞUR KAŞ',2,'[{"changed": {"fields": ["Duty"]}}]',11,1,'2024-06-03 11:52:29.328498');
INSERT INTO django_admin_log VALUES(95,'84','VOLKAN GÖKŞEN',2,'[{"changed": {"fields": ["Duty"]}}]',11,1,'2024-06-03 11:52:36.399405');
INSERT INTO django_admin_log VALUES(96,'83','AHMET KESER',2,'[{"changed": {"fields": ["Duty"]}}]',11,1,'2024-06-03 11:52:45.862956');
INSERT INTO django_admin_log VALUES(97,'82','EJDER BEKTAŞOĞLU',2,'[{"changed": {"fields": ["Duty"]}}]',11,1,'2024-06-03 11:53:01.755359');
INSERT INTO django_admin_log VALUES(98,'81','MEHMET ANAÇ',2,'[{"changed": {"fields": ["Duty"]}}]',11,1,'2024-06-03 11:53:16.552479');
INSERT INTO django_admin_log VALUES(99,'80','MUHAMMET ALİ BEKTAŞOĞLU',2,'[{"changed": {"fields": ["Duty"]}}]',11,1,'2024-06-03 11:53:31.356339');
INSERT INTO django_admin_log VALUES(100,'79','HÜSEYİN FİLİZOĞLU',2,'[{"changed": {"fields": ["Duty"]}}]',11,1,'2024-06-03 11:53:42.667207');
INSERT INTO django_admin_log VALUES(101,'76','ALİ ANLI',2,'[{"changed": {"fields": ["Duty"]}}]',11,1,'2024-06-03 11:53:56.975232');
INSERT INTO django_admin_log VALUES(102,'75','SERDAR ÖZGÜL',2,'[{"changed": {"fields": ["Duty"]}}]',11,1,'2024-06-03 11:54:13.432574');
INSERT INTO django_admin_log VALUES(103,'74','SERGEN ALACALI',2,'[{"changed": {"fields": ["Duty"]}}]',11,1,'2024-06-03 11:54:29.914300');
INSERT INTO django_admin_log VALUES(104,'73','HÜSEYİN DİNÇER ÖZ',2,'[{"changed": {"fields": ["Duty"]}}]',11,1,'2024-06-03 11:54:38.319943');
INSERT INTO django_admin_log VALUES(105,'72','SEVİNÇ BAYER',2,'[{"changed": {"fields": ["Duty"]}}]',11,1,'2024-06-03 11:54:58.868281');
CREATE TABLE IF NOT EXISTS "django_content_type" ("id" integer NOT NULL PRIMARY KEY AUTOINCREMENT, "app_label" varchar(100) NOT NULL, "model" varchar(100) NOT NULL);
INSERT INTO django_content_type VALUES(1,'admin','logentry');
INSERT INTO django_content_type VALUES(2,'auth','permission');
INSERT INTO django_content_type VALUES(3,'auth','group');
INSERT INTO django_content_type VALUES(4,'auth','user');
INSERT INTO django_content_type VALUES(5,'contenttypes','contenttype');
INSERT INTO django_content_type VALUES(6,'sessions','session');
INSERT INTO django_content_type VALUES(7,'webapp','unit');
INSERT INTO django_content_type VALUES(8,'webapp','duty');
INSERT INTO django_content_type VALUES(9,'webapp','title');
INSERT INTO django_content_type VALUES(10,'webapp','payroll');
INSERT INTO django_content_type VALUES(11,'webapp','staff');
INSERT INTO django_content_type VALUES(12,'staff','unit');
INSERT INTO django_content_type VALUES(13,'staff','payroll');
INSERT INTO django_content_type VALUES(14,'staff','duty');
INSERT INTO django_content_type VALUES(15,'staff','title');
INSERT INTO django_content_type VALUES(16,'staff','staff');
CREATE TABLE IF NOT EXISTS "auth_permission" ("id" integer NOT NULL PRIMARY KEY AUTOINCREMENT, "content_type_id" integer NOT NULL REFERENCES "django_content_type" ("id") DEFERRABLE INITIALLY DEFERRED, "codename" varchar(100) NOT NULL, "name" varchar(255) NOT NULL);
INSERT INTO auth_permission VALUES(1,1,'add_logentry','Can add log entry');
INSERT INTO auth_permission VALUES(2,1,'change_logentry','Can change log entry');
INSERT INTO auth_permission VALUES(3,1,'delete_logentry','Can delete log entry');
INSERT INTO auth_permission VALUES(4,1,'view_logentry','Can view log entry');
INSERT INTO auth_permission VALUES(5,2,'add_permission','Can add permission');
INSERT INTO auth_permission VALUES(6,2,'change_permission','Can change permission');
INSERT INTO auth_permission VALUES(7,2,'delete_permission','Can delete permission');
INSERT INTO auth_permission VALUES(8,2,'view_permission','Can view permission');
INSERT INTO auth_permission VALUES(9,3,'add_group','Can add group');
INSERT INTO auth_permission VALUES(10,3,'change_group','Can change group');
INSERT INTO auth_permission VALUES(11,3,'delete_group','Can delete group');
INSERT INTO auth_permission VALUES(12,3,'view_group','Can view group');
INSERT INTO auth_permission VALUES(13,4,'add_user','Can add user');
INSERT INTO auth_permission VALUES(14,4,'change_user','Can change user');
INSERT INTO auth_permission VALUES(15,4,'delete_user','Can delete user');
INSERT INTO auth_permission VALUES(16,4,'view_user','Can view user');
INSERT INTO auth_permission VALUES(17,5,'add_contenttype','Can add content type');
INSERT INTO auth_permission VALUES(18,5,'change_contenttype','Can change content type');
INSERT INTO auth_permission VALUES(19,5,'delete_contenttype','Can delete content type');
INSERT INTO auth_permission VALUES(20,5,'view_contenttype','Can view content type');
INSERT INTO auth_permission VALUES(21,6,'add_session','Can add session');
INSERT INTO auth_permission VALUES(22,6,'change_session','Can change session');
INSERT INTO auth_permission VALUES(23,6,'delete_session','Can delete session');
INSERT INTO auth_permission VALUES(24,6,'view_session','Can view session');
INSERT INTO auth_permission VALUES(25,7,'addstaff_unit','Can add unit');
INSERT INTO auth_permission VALUES(26,7,'changestaff_unit','Can change unit');
INSERT INTO auth_permission VALUES(27,7,'deletestaff_unit','Can delete unit');
INSERT INTO auth_permission VALUES(28,7,'viewstaff_unit','Can view unit');
INSERT INTO auth_permission VALUES(29,8,'add_duty','Can add Gorev');
INSERT INTO auth_permission VALUES(30,8,'change_duty','Can change Gorev');
INSERT INTO auth_permission VALUES(31,8,'delete_duty','Can delete Gorev');
INSERT INTO auth_permission VALUES(32,8,'view_duty','Can view Gorev');
INSERT INTO auth_permission VALUES(33,9,'add_title','Can add Unvan');
INSERT INTO auth_permission VALUES(34,9,'change_title','Can change Unvan');
INSERT INTO auth_permission VALUES(35,9,'delete_title','Can delete Unvan');
INSERT INTO auth_permission VALUES(36,9,'view_title','Can view Unvan');
INSERT INTO auth_permission VALUES(37,10,'add_payroll','Can add Kadro');
INSERT INTO auth_permission VALUES(38,10,'change_payroll','Can change Kadro');
INSERT INTO auth_permission VALUES(39,10,'delete_payroll','Can delete Kadro');
INSERT INTO auth_permission VALUES(40,10,'view_payroll','Can view Kadro');
INSERT INTO auth_permission VALUES(41,11,'add_staff','Can add Personel');
INSERT INTO auth_permission VALUES(42,11,'change_staff','Can change Personel');
INSERT INTO auth_permission VALUES(43,11,'delete_staff','Can delete Personel');
INSERT INTO auth_permission VALUES(44,11,'view_staff','Can view Personel');
INSERT INTO auth_permission VALUES(45,12,'addstaff_unit','Can add Birim');
INSERT INTO auth_permission VALUES(46,12,'changestaff_unit','Can change Birim');
INSERT INTO auth_permission VALUES(47,12,'deletestaff_unit','Can delete Birim');
INSERT INTO auth_permission VALUES(48,12,'viewstaff_unit','Can view Birim');
INSERT INTO auth_permission VALUES(49,13,'add_payroll','Can add Kadro');
INSERT INTO auth_permission VALUES(50,13,'change_payroll','Can change Kadro');
INSERT INTO auth_permission VALUES(51,13,'delete_payroll','Can delete Kadro');
INSERT INTO auth_permission VALUES(52,13,'view_payroll','Can view Kadro');
INSERT INTO auth_permission VALUES(53,14,'add_duty','Can add Gorev');
INSERT INTO auth_permission VALUES(54,14,'change_duty','Can change Gorev');
INSERT INTO auth_permission VALUES(55,14,'delete_duty','Can delete Gorev');
INSERT INTO auth_permission VALUES(56,14,'view_duty','Can view Gorev');
INSERT INTO auth_permission VALUES(57,15,'add_title','Can add Unvan');
INSERT INTO auth_permission VALUES(58,15,'change_title','Can change Unvan');
INSERT INTO auth_permission VALUES(59,15,'delete_title','Can delete Unvan');
INSERT INTO auth_permission VALUES(60,15,'view_title','Can view Unvan');
INSERT INTO auth_permission VALUES(61,16,'add_staff','Can add Personel');
INSERT INTO auth_permission VALUES(62,16,'change_staff','Can change Personel');
INSERT INTO auth_permission VALUES(63,16,'delete_staff','Can delete Personel');
INSERT INTO auth_permission VALUES(64,16,'view_staff','Can view Personel');
CREATE TABLE IF NOT EXISTS "auth_group" ("id" integer NOT NULL PRIMARY KEY AUTOINCREMENT, "name" varchar(150) NOT NULL UNIQUE);
CREATE TABLE IF NOT EXISTS "auth_user" ("id" integer NOT NULL PRIMARY KEY AUTOINCREMENT, "password" varchar(128) NOT NULL, "last_login" datetime NULL, "is_superuser" bool NOT NULL, "username" varchar(150) NOT NULL UNIQUE, "last_name" varchar(150) NOT NULL, "email" varchar(254) NOT NULL, "is_staff" bool NOT NULL, "is_active" bool NOT NULL, "date_joined" datetime NOT NULL, "first_name" varchar(150) NOT NULL);
INSERT INTO auth_user VALUES(1,'pbkdf2_sha256$720000$DVG4Eml8KFpluXhhToqkG7$lhY8a15BBKyuLEjnFfwVv4geLZll6gV+FG6hrjyk/Hw=','2024-06-08 20:12:44.146623',1,'admin','','careengineeringx@gmail.com',1,1,'2024-05-30 17:48:31.727748','');
CREATE TABLE IF NOT EXISTS "django_session" ("session_key" varchar(40) NOT NULL PRIMARY KEY, "session_data" text NOT NULL, "expire_date" datetime NOT NULL);
INSERT INTO django_session VALUES('hi7yh1fjjor406s5q2divp9dvq9mspnz','.eJxVjMsOwiAQRf-FtSG8YVy69xvIAINUDU1KuzL-uzbpQrf3nHNfLOK2trgNWuJU2JlJdvrdEuYH9R2UO_bbzPPc12VKfFf4QQe_zoWel8P9O2g42rd2IaAwAoQpGqxylI2uSAYKOVtBAaVaqvBCotRWZ-uxUgIjtVDGY2DvD9FEN3g:1sCjtc:0qtin6tVaXGumaYzc_LrAz80jwzFPpubfHDQNYnLt34','2024-06-13 17:49:00.235883');
INSERT INTO django_session VALUES('w8md8iu95mor71gx97u63s349zbtb51g','.eJxVjMsOwiAQRf-FtSG8YVy69xvIAINUDU1KuzL-uzbpQrf3nHNfLOK2trgNWuJU2JlJdvrdEuYH9R2UO_bbzPPc12VKfFf4QQe_zoWel8P9O2g42rd2IaAwAoQpGqxylI2uSAYKOVtBAaVaqvBCotRWZ-uxUgIjtVDGY2DvD9FEN3g:1sCkP0:r8ZqW5EY--fc2pngrUsdFVqC8z2IQ8_ZyCuW9guGmgo','2024-06-13 18:21:26.935040');
INSERT INTO django_session VALUES('32cnesjf6wfcx6fbfbktsf1thui8abux','.eJxVjMsOwiAQRf-FtSG8YVy69xvIAINUDU1KuzL-uzbpQrf3nHNfLOK2trgNWuJU2JlJdvrdEuYH9R2UO_bbzPPc12VKfFf4QQe_zoWel8P9O2g42rd2IaAwAoQpGqxylI2uSAYKOVtBAaVaqvBCotRWZ-uxUgIjtVDGY2DvD9FEN3g:1sE36O:FLEz8Lt5Gmur5fGqGoYsO8ZQHjNCkeXwUfEaEDtNZ_g','2024-06-17 08:31:36.210357');
INSERT INTO django_session VALUES('4avo2y4p0186qysp5rlxsxhhy8ico6us','.eJxVjMEOwiAQRP-FsyHAlhY8eu83kIVlpWpoUtqT8d9tkx70Npn3Zt4i4LaWsLW8hInEVWhx-e0ipmeuB6AH1vss01zXZYryUORJmxxnyq_b6f4dFGxlXzvyxpjOK0xsveVMLio79ECknN9TpE5pA30kYgQeMClmpQEYbAYWny_a8Df_:1sG2Qe:QCssoeS_4xXRf1sy5TLYmKx7r3bL3IbEbCDyuZKTjoU','2024-06-22 20:12:44.147382');
CREATE TABLE IF NOT EXISTS "staff_duty" ("id" integer NOT NULL PRIMARY KEY AUTOINCREMENT, "name" varchar(200) NOT NULL UNIQUE);
INSERT INTO staff_duty VALUES(1,'-');
INSERT INTO staff_duty VALUES(2,'12 Eylül Saha');
INSERT INTO staff_duty VALUES(3,'Alüminyumcu');
INSERT INTO staff_duty VALUES(4,'Arşiv Görevlisi');
INSERT INTO staff_duty VALUES(5,'Başşoför');
INSERT INTO staff_duty VALUES(6,'Bekçi - Gece');
INSERT INTO staff_duty VALUES(7,'Bekçi - Gündüz');
INSERT INTO staff_duty VALUES(8,'Birim Sorumlusu');
INSERT INTO staff_duty VALUES(9,'Boyacı');
INSERT INTO staff_duty VALUES(10,'Büro Elemanı');
INSERT INTO staff_duty VALUES(11,'Çaycı');
INSERT INTO staff_duty VALUES(12,'Demirci');
INSERT INTO staff_duty VALUES(13,'Egzoz');
INSERT INTO staff_duty VALUES(14,'Ekip Sorumlusu');
INSERT INTO staff_duty VALUES(15,'Elektrik Ustası');
INSERT INTO staff_duty VALUES(16,'Elektrikçi');
INSERT INTO staff_duty VALUES(17,'Formen');
INSERT INTO staff_duty VALUES(18,'Kantar Sorumlusu');
INSERT INTO staff_duty VALUES(19,'Kaportacı');
INSERT INTO staff_duty VALUES(20,'Karakol');
INSERT INTO staff_duty VALUES(21,'Kaynakçı');
INSERT INTO staff_duty VALUES(22,'Kazı Ruhsatları');
INSERT INTO staff_duty VALUES(23,'Klimacı');
INSERT INTO staff_duty VALUES(24,'Mali İşler');
INSERT INTO staff_duty VALUES(25,'Marangoz');
INSERT INTO staff_duty VALUES(26,'Müdür');
INSERT INTO staff_duty VALUES(27,'Operatör');
INSERT INTO staff_duty VALUES(28,'Operatör - Ekskavatör');
INSERT INTO staff_duty VALUES(29,'Operatör - Greyder');
INSERT INTO staff_duty VALUES(30,'Operatör - Silindir');
INSERT INTO staff_duty VALUES(31,'Oto elektrik tamir');
INSERT INTO staff_duty VALUES(32,'Oto lastik tamir');
INSERT INTO staff_duty VALUES(33,'Oto tamir');
INSERT INTO staff_duty VALUES(34,'Personel İşleri');
INSERT INTO staff_duty VALUES(35,'Saha Elemanı');
INSERT INTO staff_duty VALUES(36,'Satınalma');
INSERT INTO staff_duty VALUES(37,'Satınalma - Büro elemanı');
INSERT INTO staff_duty VALUES(38,'Satınalma - Personel');
INSERT INTO staff_duty VALUES(39,'Satınalma - Şoför');
INSERT INTO staff_duty VALUES(40,'Ses ve Işıkçı');
INSERT INTO staff_duty VALUES(41,'Tesisatçı');
INSERT INTO staff_duty VALUES(42,'Sustacı');
INSERT INTO staff_duty VALUES(43,'Şoför');
INSERT INTO staff_duty VALUES(44,'Şoför - Kamyon');
INSERT INTO staff_duty VALUES(45,'Şoför - Traktör');
INSERT INTO staff_duty VALUES(46,'Taşınır Kayıt Görevlisi');
INSERT INTO staff_duty VALUES(47,'Teknik Personel');
INSERT INTO staff_duty VALUES(48,'Usta - Elektrik');
INSERT INTO staff_duty VALUES(49,'Usta - İnşaat');
INSERT INTO staff_duty VALUES(50,'Usta - Tesisat');
INSERT INTO staff_duty VALUES(51,'Ustabaşı');
INSERT INTO staff_duty VALUES(52,'Veterinerlik');
INSERT INTO staff_duty VALUES(53,'Yağcı');
CREATE TABLE IF NOT EXISTS "staff_payroll" ("id" integer NOT NULL PRIMARY KEY AUTOINCREMENT, "name" varchar(200) NOT NULL UNIQUE);
INSERT INTO staff_payroll VALUES(1,'-');
INSERT INTO staff_payroll VALUES(2,'Memur');
INSERT INTO staff_payroll VALUES(3,'Sözleşmeli Memur');
INSERT INTO staff_payroll VALUES(4,'Kadrolu İşçi');
INSERT INTO staff_payroll VALUES(5,'Urit İşçi (KHK)');
INSERT INTO staff_payroll VALUES(6,'Urit İşçi ');
CREATE TABLE IF NOT EXISTS "staff_title" ("id" integer NOT NULL PRIMARY KEY AUTOINCREMENT, "name" varchar(200) NOT NULL UNIQUE);
INSERT INTO staff_title VALUES(1,'-');
INSERT INTO staff_title VALUES(2,'İnşaat Yüksek Mühendisi');
INSERT INTO staff_title VALUES(3,'İnşaat Mühendisi');
INSERT INTO staff_title VALUES(4,'Yüksek Mimar');
INSERT INTO staff_title VALUES(5,'Mimar');
INSERT INTO staff_title VALUES(6,'Peyzaj Mimarı');
INSERT INTO staff_title VALUES(7,'Tekniker');
INSERT INTO staff_title VALUES(8,'Harita Mühendisi');
INSERT INTO staff_title VALUES(9,'Harita ve Kadastro Teknikeri');
INSERT INTO staff_title VALUES(10,'Şehir ve Bölge Plancısı');
CREATE TABLE IF NOT EXISTS "staff_unit" ("id" integer NOT NULL PRIMARY KEY AUTOINCREMENT, "name" varchar(200) NOT NULL UNIQUE);
INSERT INTO staff_unit VALUES(1,'-');
INSERT INTO staff_unit VALUES(2,'İdari ve Büro İşleri');
INSERT INTO staff_unit VALUES(3,'Proje ve Kontrol');
INSERT INTO staff_unit VALUES(4,'Bayındırlık');
INSERT INTO staff_unit VALUES(5,'Atölyeler');
INSERT INTO staff_unit VALUES(6,'Araçlar');
INSERT INTO staff_unit VALUES(7,'Dış');
CREATE TABLE IF NOT EXISTS "staff_staff_duty" ("id" integer NOT NULL PRIMARY KEY AUTOINCREMENT, "staff_id" bigint NOT NULL REFERENCES "staff_staff" ("id") DEFERRABLE INITIALLY DEFERRED, "duty_id" bigint NOT NULL REFERENCES "staff_duty" ("id") DEFERRABLE INITIALLY DEFERRED);
INSERT INTO staff_staff_duty VALUES(2,9,47);
INSERT INTO staff_staff_duty VALUES(3,10,47);
INSERT INTO staff_staff_duty VALUES(4,1,26);
INSERT INTO staff_staff_duty VALUES(5,5,10);
INSERT INTO staff_staff_duty VALUES(6,6,24);
INSERT INTO staff_staff_duty VALUES(7,6,10);
INSERT INTO staff_staff_duty VALUES(8,4,46);
INSERT INTO staff_staff_duty VALUES(9,3,4);
INSERT INTO staff_staff_duty VALUES(10,2,8);
INSERT INTO staff_staff_duty VALUES(11,2,34);
INSERT INTO staff_staff_duty VALUES(12,2,22);
INSERT INTO staff_staff_duty VALUES(13,8,47);
INSERT INTO staff_staff_duty VALUES(14,7,8);
INSERT INTO staff_staff_duty VALUES(15,7,47);
INSERT INTO staff_staff_duty VALUES(16,13,2);
INSERT INTO staff_staff_duty VALUES(17,12,52);
INSERT INTO staff_staff_duty VALUES(18,11,20);
INSERT INTO staff_staff_duty VALUES(19,50,22);
INSERT INTO staff_staff_duty VALUES(20,50,30);
INSERT INTO staff_staff_duty VALUES(21,49,35);
INSERT INTO staff_staff_duty VALUES(22,48,35);
INSERT INTO staff_staff_duty VALUES(23,47,35);
INSERT INTO staff_staff_duty VALUES(24,46,35);
INSERT INTO staff_staff_duty VALUES(25,45,35);
INSERT INTO staff_staff_duty VALUES(26,44,35);
INSERT INTO staff_staff_duty VALUES(27,43,35);
INSERT INTO staff_staff_duty VALUES(28,42,35);
INSERT INTO staff_staff_duty VALUES(29,41,35);
INSERT INTO staff_staff_duty VALUES(30,40,35);
INSERT INTO staff_staff_duty VALUES(31,39,35);
INSERT INTO staff_staff_duty VALUES(32,38,35);
INSERT INTO staff_staff_duty VALUES(33,37,35);
INSERT INTO staff_staff_duty VALUES(34,36,35);
INSERT INTO staff_staff_duty VALUES(35,35,51);
INSERT INTO staff_staff_duty VALUES(36,34,6);
INSERT INTO staff_staff_duty VALUES(37,33,6);
INSERT INTO staff_staff_duty VALUES(38,32,7);
INSERT INTO staff_staff_duty VALUES(39,30,43);
INSERT INTO staff_staff_duty VALUES(40,29,43);
INSERT INTO staff_staff_duty VALUES(41,28,43);
INSERT INTO staff_staff_duty VALUES(42,26,28);
INSERT INTO staff_staff_duty VALUES(43,25,30);
INSERT INTO staff_staff_duty VALUES(44,24,29);
INSERT INTO staff_staff_duty VALUES(45,23,29);
INSERT INTO staff_staff_duty VALUES(46,21,44);
INSERT INTO staff_staff_duty VALUES(47,21,5);
INSERT INTO staff_staff_duty VALUES(48,20,44);
INSERT INTO staff_staff_duty VALUES(49,19,43);
INSERT INTO staff_staff_duty VALUES(50,19,11);
INSERT INTO staff_staff_duty VALUES(51,18,16);
INSERT INTO staff_staff_duty VALUES(52,18,40);
INSERT INTO staff_staff_duty VALUES(53,17,17);
INSERT INTO staff_staff_duty VALUES(54,17,27);
INSERT INTO staff_staff_duty VALUES(55,15,47);
INSERT INTO staff_staff_duty VALUES(56,14,8);
INSERT INTO staff_staff_duty VALUES(57,14,47);
INSERT INTO staff_staff_duty VALUES(58,31,18);
INSERT INTO staff_staff_duty VALUES(59,27,45);
INSERT INTO staff_staff_duty VALUES(60,22,29);
INSERT INTO staff_staff_duty VALUES(61,16,17);
INSERT INTO staff_staff_duty VALUES(62,67,43);
INSERT INTO staff_staff_duty VALUES(63,62,25);
INSERT INTO staff_staff_duty VALUES(64,66,43);
INSERT INTO staff_staff_duty VALUES(65,69,43);
INSERT INTO staff_staff_duty VALUES(66,68,43);
INSERT INTO staff_staff_duty VALUES(67,65,9);
INSERT INTO staff_staff_duty VALUES(68,64,9);
INSERT INTO staff_staff_duty VALUES(69,64,14);
INSERT INTO staff_staff_duty VALUES(70,63,25);
INSERT INTO staff_staff_duty VALUES(71,61,25);
INSERT INTO staff_staff_duty VALUES(72,61,14);
INSERT INTO staff_staff_duty VALUES(73,60,16);
INSERT INTO staff_staff_duty VALUES(74,59,16);
INSERT INTO staff_staff_duty VALUES(75,59,23);
INSERT INTO staff_staff_duty VALUES(76,58,16);
INSERT INTO staff_staff_duty VALUES(77,57,16);
INSERT INTO staff_staff_duty VALUES(78,56,16);
INSERT INTO staff_staff_duty VALUES(79,56,41);
INSERT INTO staff_staff_duty VALUES(80,55,16);
INSERT INTO staff_staff_duty VALUES(81,55,14);
INSERT INTO staff_staff_duty VALUES(82,54,41);
INSERT INTO staff_staff_duty VALUES(83,54,12);
INSERT INTO staff_staff_duty VALUES(84,53,3);
INSERT INTO staff_staff_duty VALUES(85,53,12);
INSERT INTO staff_staff_duty VALUES(86,52,12);
INSERT INTO staff_staff_duty VALUES(87,52,14);
INSERT INTO staff_staff_duty VALUES(88,51,8);
INSERT INTO staff_staff_duty VALUES(89,77,32);
INSERT INTO staff_staff_duty VALUES(90,71,36);
INSERT INTO staff_staff_duty VALUES(91,70,8);
INSERT INTO staff_staff_duty VALUES(92,78,32);
INSERT INTO staff_staff_duty VALUES(93,85,42);
INSERT INTO staff_staff_duty VALUES(94,84,19);
INSERT INTO staff_staff_duty VALUES(95,83,53);
INSERT INTO staff_staff_duty VALUES(96,82,21);
INSERT INTO staff_staff_duty VALUES(97,82,13);
INSERT INTO staff_staff_duty VALUES(98,81,31);
INSERT INTO staff_staff_duty VALUES(99,80,31);
INSERT INTO staff_staff_duty VALUES(100,79,31);
INSERT INTO staff_staff_duty VALUES(101,76,33);
INSERT INTO staff_staff_duty VALUES(102,75,33);
INSERT INTO staff_staff_duty VALUES(103,75,51);
INSERT INTO staff_staff_duty VALUES(104,74,38);
INSERT INTO staff_staff_duty VALUES(105,73,39);
INSERT INTO staff_staff_duty VALUES(106,72,10);
INSERT INTO staff_staff_duty VALUES(107,72,36);
CREATE TABLE IF NOT EXISTS "staff_staff" ("id" integer NOT NULL PRIMARY KEY AUTOINCREMENT, "name" varchar(200) NOT NULL, "surname" varchar(200) NOT NULL, "payroll_id" bigint NOT NULL REFERENCES "staff_payroll" ("id") DEFERRABLE INITIALLY DEFERRED, "title_id" bigint NOT NULL REFERENCES "staff_title" ("id") DEFERRABLE INITIALLY DEFERRED, "unit_id" bigint NOT NULL REFERENCES "staff_unit" ("id") DEFERRABLE INITIALLY DEFERRED, "is_active" bool NOT NULL);
INSERT INTO staff_staff (id,name,surname,payroll_id,title_id,unit_id,is_active) VALUES(1,'GÜNER','ÖZLÜK',2,6,1,1);
INSERT INTO staff_staff (id,name,surname,payroll_id,title_id,unit_id,is_active) VALUES(2,'MÜGE','TINAS',4,1,2,1);
INSERT INTO staff_staff (id,name,surname,payroll_id,title_id,unit_id,is_active) VALUES(3,'SÜLEYMAN TANJU','KULAÇ',4,1,2,1);
INSERT INTO staff_staff (id,name,surname,payroll_id,title_id,unit_id,is_active) VALUES(4,'MEHMET KAMİL','CERTEL',2,1,2,1);
INSERT INTO staff_staff (id,name,surname,payroll_id,title_id,unit_id,is_active) VALUES(5,'DEMET','ORBEYİ GÜZEL',5,1,2,1);
INSERT INTO staff_staff (id,name,surname,payroll_id,title_id,unit_id,is_active) VALUES(6,'ÖZLEM','ÇITAK',5,1,2,1);
INSERT INTO staff_staff (id,name,surname,payroll_id,title_id,unit_id,is_active) VALUES(7,'ÇARE','CAĞALOĞLU',2,2,3,1);
INSERT INTO staff_staff (id,name,surname,payroll_id,title_id,unit_id,is_active) VALUES(8,'ESRA','SÖZER',2,6,3,1);
INSERT INTO staff_staff (id,name,surname,payroll_id,title_id,unit_id,is_active) VALUES(9,'ZEYNEP','TURAN',2,10,1,1);
INSERT INTO staff_staff (id,name,surname,payroll_id,title_id,unit_id,is_active) VALUES(10,'MEHTAP','AKIN IRMAK',2,8,1,1);
INSERT INTO staff_staff (id,name,surname,payroll_id,title_id,unit_id,is_active) VALUES(11,'HASAN','GÜLER',5,1,7,1);
INSERT INTO staff_staff (id,name,surname,payroll_id,title_id,unit_id,is_active) VALUES(12,'ONUR','PAKÇE',5,1,7,1);
INSERT INTO staff_staff (id,name,surname,payroll_id,title_id,unit_id,is_active) VALUES(13,'HÜSEYİN','İLDEM',5,1,7,1);
INSERT INTO staff_staff (id,name,surname,payroll_id,title_id,unit_id,is_active) VALUES(14,'GÖRKEM','KESKİN',2,7,4,1);
INSERT INTO staff_staff (id,name,surname,payroll_id,title_id,unit_id,is_active) VALUES(15,'YAŞAR','BORAK',2,9,4,1);
INSERT INTO staff_staff (id,name,surname,payroll_id,title_id,unit_id,is_active) VALUES(16,'MEHMET EMİN','BOZHAN',4,1,4,1);
INSERT INTO staff_staff (id,name,surname,payroll_id,title_id,unit_id,is_active) VALUES(17,'BARIŞ','OĞUL',5,1,4,1);
INSERT INTO staff_staff (id,name,surname,payroll_id,title_id,unit_id,is_active) VALUES(18,'HASAN','GÖKŞEN',5,1,4,1);
INSERT INTO staff_staff (id,name,surname,payroll_id,title_id,unit_id,is_active) VALUES(19,'ALİ','GÜDEN',5,1,4,1);
INSERT INTO staff_staff (id,name,surname,payroll_id,title_id,unit_id,is_active) VALUES(20,'ETHEM','GÜRSUL',5,1,4,1);
INSERT INTO staff_staff (id,name,surname,payroll_id,title_id,unit_id,is_active) VALUES(21,'SEZGİN','KARADAĞ',5,1,4,1);
INSERT INTO staff_staff (id,name,surname,payroll_id,title_id,unit_id,is_active) VALUES(22,'İBRAHİM','COŞAR',4,1,4,1);
INSERT INTO staff_staff (id,name,surname,payroll_id,title_id,unit_id,is_active) VALUES(23,'HÜSEYİN','MUTLUER',5,1,4,1);
INSERT INTO staff_staff (id,name,surname,payroll_id,title_id,unit_id,is_active) VALUES(24,'MEHMET','ESEN',5,1,4,1);
INSERT INTO staff_staff (id,name,surname,payroll_id,title_id,unit_id,is_active) VALUES(25,'HÜSEYİN','AYTEKİN',5,1,4,1);
INSERT INTO staff_staff (id,name,surname,payroll_id,title_id,unit_id,is_active) VALUES(26,'SÜLEYMAN','ERKÖSE',5,1,4,1);
INSERT INTO staff_staff (id,name,surname,payroll_id,title_id,unit_id,is_active) VALUES(27,'MURAT','DURGUN',4,1,4,1);
INSERT INTO staff_staff (id,name,surname,payroll_id,title_id,unit_id,is_active) VALUES(28,'TURGUT','GAŞGİL',5,1,4,1);
INSERT INTO staff_staff (id,name,surname,payroll_id,title_id,unit_id,is_active) VALUES(29,'ERCAN','ÇAĞRIN',5,1,4,1);
INSERT INTO staff_staff (id,name,surname,payroll_id,title_id,unit_id,is_active) VALUES(30,'FERDİ','SÖNMEZ',5,1,4,1);
INSERT INTO staff_staff (id,name,surname,payroll_id,title_id,unit_id,is_active) VALUES(31,'SERKAN','DURGUN',4,1,4,1);
INSERT INTO staff_staff (id,name,surname,payroll_id,title_id,unit_id,is_active) VALUES(32,'FIRAT','YILMAZ',5,1,4,1);
INSERT INTO staff_staff (id,name,surname,payroll_id,title_id,unit_id,is_active) VALUES(33,'RECAİ','ŞAHİN',5,1,4,1);
INSERT INTO staff_staff (id,name,surname,payroll_id,title_id,unit_id,is_active) VALUES(34,'SÜLEYMAN','GÜNEŞ',5,1,4,1);
INSERT INTO staff_staff (id,name,surname,payroll_id,title_id,unit_id,is_active) VALUES(35,'ÖNDER','KIZILLAR',5,1,4,1);
INSERT INTO staff_staff (id,name,surname,payroll_id,title_id,unit_id,is_active) VALUES(36,'ABDÜLSAMET','ARVAS',5,1,4,1);
INSERT INTO staff_staff (id,name,surname,payroll_id,title_id,unit_id,is_active) VALUES(37,'ADEM','KÖKSALAN',5,1,4,1);
INSERT INTO staff_staff (id,name,surname,payroll_id,title_id,unit_id,is_active) VALUES(38,'AKIN','ERCEYLAN',5,1,4,1);
INSERT INTO staff_staff (id,name,surname,payroll_id,title_id,unit_id,is_active) VALUES(39,'AYKUT','AYTEKİN',5,1,4,1);
INSERT INTO staff_staff (id,name,surname,payroll_id,title_id,unit_id,is_active) VALUES(40,'BURHAN','GÜZEL',5,1,4,1);
INSERT INTO staff_staff (id,name,surname,payroll_id,title_id,unit_id,is_active) VALUES(41,'CANER','KUBLAY',5,1,4,1);
INSERT INTO staff_staff (id,name,surname,payroll_id,title_id,unit_id,is_active) VALUES(42,'COŞKUN','KÖKSALAN',5,1,4,1);
INSERT INTO staff_staff (id,name,surname,payroll_id,title_id,unit_id,is_active) VALUES(43,'FERHAT','SÜREN',5,1,4,1);
INSERT INTO staff_staff (id,name,surname,payroll_id,title_id,unit_id,is_active) VALUES(44,'FATİH','GÜLE',5,1,4,1);
INSERT INTO staff_staff (id,name,surname,payroll_id,title_id,unit_id,is_active) VALUES(45,'GÜRKAN','BALCILAR',5,1,4,1);
INSERT INTO staff_staff (id,name,surname,payroll_id,title_id,unit_id,is_active) VALUES(46,'HAKAN','MERCAN',5,1,4,1);
INSERT INTO staff_staff (id,name,surname,payroll_id,title_id,unit_id,is_active) VALUES(47,'SERDAR','BAĞ',5,1,4,1);
INSERT INTO staff_staff (id,name,surname,payroll_id,title_id,unit_id,is_active) VALUES(48,'TARIK','TEKİN',5,1,4,1);
INSERT INTO staff_staff (id,name,surname,payroll_id,title_id,unit_id,is_active) VALUES(49,'VOLKAN','GÜVENEK',5,1,4,1);
INSERT INTO staff_staff (id,name,surname,payroll_id,title_id,unit_id,is_active) VALUES(50,'MEHMET','YILDIZ',5,1,4,1);
INSERT INTO staff_staff (id,name,surname,payroll_id,title_id,unit_id,is_active) VALUES(51,'H.TARHAN','ARSLAN',5,1,5,1);
INSERT INTO staff_staff (id,name,surname,payroll_id,title_id,unit_id,is_active) VALUES(52,'MUSTAFA','KUM',5,1,5,1);
INSERT INTO staff_staff (id,name,surname,payroll_id,title_id,unit_id,is_active) VALUES(53,'GÖRKEM','KIZILYEL',5,1,5,1);
INSERT INTO staff_staff (id,name,surname,payroll_id,title_id,unit_id,is_active) VALUES(54,'SEDEN','İRGİLİ',5,1,5,1);
INSERT INTO staff_staff (id,name,surname,payroll_id,title_id,unit_id,is_active) VALUES(55,'VEYSEL','AÇIKOĞLU',5,1,5,1);
INSERT INTO staff_staff (id,name,surname,payroll_id,title_id,unit_id,is_active) VALUES(56,'BASRİ','PARLAK',5,1,5,1);
INSERT INTO staff_staff (id,name,surname,payroll_id,title_id,unit_id,is_active) VALUES(57,'MEHMET','CERYAN',5,1,5,1);
INSERT INTO staff_staff (id,name,surname,payroll_id,title_id,unit_id,is_active) VALUES(58,'MUSTAFA','KARAAĞAÇ',5,1,5,1);
INSERT INTO staff_staff (id,name,surname,payroll_id,title_id,unit_id,is_active) VALUES(59,'ONUR','PEKER',5,1,5,1);
INSERT INTO staff_staff (id,name,surname,payroll_id,title_id,unit_id,is_active) VALUES(60,'TOLGA','KUTLUAY',5,1,5,1);
INSERT INTO staff_staff (id,name,surname,payroll_id,title_id,unit_id,is_active) VALUES(61,'MUSTAFA','ÖZTÜRK',5,1,5,1);
INSERT INTO staff_staff (id,name,surname,payroll_id,title_id,unit_id,is_active) VALUES(62,'ÖZKAN','İŞCEN',4,1,5,1);
INSERT INTO staff_staff (id,name,surname,payroll_id,title_id,unit_id,is_active) VALUES(63,'MUSTAFA','YILDIRIM',5,1,5,1);
INSERT INTO staff_staff (id,name,surname,payroll_id,title_id,unit_id,is_active) VALUES(64,'TAYFUN','DERTLİ',5,1,5,1);
INSERT INTO staff_staff (id,name,surname,payroll_id,title_id,unit_id,is_active) VALUES(65,'TOLGA','ONAR',5,1,5,1);
INSERT INTO staff_staff (id,name,surname,payroll_id,title_id,unit_id,is_active) VALUES(66,'ERDAL','KAYA',2,1,5,1);
INSERT INTO staff_staff (id,name,surname,payroll_id,title_id,unit_id,is_active) VALUES(67,'OZAN','BUKOVA',4,1,5,1);
INSERT INTO staff_staff (id,name,surname,payroll_id,title_id,unit_id,is_active) VALUES(68,'MUSTAFA KEMAL','KÖKSAL',5,1,5,1);
INSERT INTO staff_staff (id,name,surname,payroll_id,title_id,unit_id,is_active) VALUES(69,'TAMER','EROĞLU',5,1,5,1);
INSERT INTO staff_staff (id,name,surname,payroll_id,title_id,unit_id,is_active) VALUES(70,'BURAK','ULAMIŞLI',4,1,6,1);
INSERT INTO staff_staff (id,name,surname,payroll_id,title_id,unit_id,is_active) VALUES(71,'TÜRKER','YILMAZ',4,1,6,1);
INSERT INTO staff_staff (id,name,surname,payroll_id,title_id,unit_id,is_active) VALUES(72,'SEVİNÇ','BAYER',5,1,6,1);
INSERT INTO staff_staff (id,name,surname,payroll_id,title_id,unit_id,is_active) VALUES(73,'HÜSEYİN','DİNÇER ÖZ',5,1,6,1);
INSERT INTO staff_staff (id,name,surname,payroll_id,title_id,unit_id,is_active) VALUES(74,'SERGEN','ALACALI',5,1,6,1);
INSERT INTO staff_staff (id,name,surname,payroll_id,title_id,unit_id,is_active) VALUES(75,'SERDAR','ÖZGÜL',5,1,6,1);
INSERT INTO staff_staff (id,name,surname,payroll_id,title_id,unit_id,is_active) VALUES(76,'ALİ','ANLI',5,1,6,1);
INSERT INTO staff_staff (id,name,surname,payroll_id,title_id,unit_id,is_active) VALUES(77,'MEHMET','TOPAL',4,1,6,1);
INSERT INTO staff_staff (id,name,surname,payroll_id,title_id,unit_id,is_active) VALUES(78,'KANİ','KIPKIP',6,1,6,1);
INSERT INTO staff_staff (id,name,surname,payroll_id,title_id,unit_id,is_active) VALUES(79,'HÜSEYİN','FİLİZOĞLU',5,1,6,1);
INSERT INTO staff_staff (id,name,surname,payroll_id,title_id,unit_id,is_active) VALUES(80,'MUHAMMET ALİ','BEKTAŞOĞLU',5,1,6,1);
INSERT INTO staff_staff (id,name,surname,payroll_id,title_id,unit_id,is_active) VALUES(81,'MEHMET','ANAÇ',5,1,6,1);
INSERT INTO staff_staff (id,name,surname,payroll_id,title_id,unit_id,is_active) VALUES(82,'EJDER','BEKTAŞOĞLU',5,1,6,1);
INSERT INTO staff_staff (id,name,surname,payroll_id,title_id,unit_id,is_active) VALUES(83,'AHMET','KESER',5,1,6,1);
INSERT INTO staff_staff (id,name,surname,payroll_id,title_id,unit_id,is_active) VALUES(84,'VOLKAN','GÖKŞEN',5,1,6,1);
INSERT INTO staff_staff (id,name,surname,payroll_id,title_id,unit_id,is_active) VALUES(85,'UĞUR','KAŞ',5,1,6,1);
CREATE TABLE IF NOT EXISTS "staff_duty" ("id" integer NOT NULL PRIMARY KEY AUTOINCREMENT, "name" varchar(200) NOT NULL UNIQUE);
CREATE TABLE IF NOT EXISTS "staff_payroll" ("id" integer NOT NULL PRIMARY KEY AUTOINCREMENT, "name" varchar(200) NOT NULL UNIQUE);
CREATE TABLE IF NOT EXISTS "staff_title" ("id" integer NOT NULL PRIMARY KEY AUTOINCREMENT, "name" varchar(200) NOT NULL UNIQUE);
CREATE TABLE IF NOT EXISTS "staffstaff_unit" ("id" integer NOT NULL PRIMARY KEY AUTOINCREMENT, "name" varchar(200) NOT NULL UNIQUE);
CREATE TABLE IF NOT EXISTS "staff_staff" ("id" integer NOT NULL PRIMARY KEY AUTOINCREMENT, "name" varchar(200) NOT NULL, "surname" varchar(200) NOT NULL, "is_active" bool NOT NULL, "payroll_id" bigint NOT NULL REFERENCES "staff_payroll" ("id") DEFERRABLE INITIALLY DEFERRED, "title_id" bigint NOT NULL REFERENCES "staff_title" ("id") DEFERRABLE INITIALLY DEFERRED, "unit_id" bigint NOT NULL REFERENCES "staffstaff_unit" ("id") DEFERRABLE INITIALLY DEFERRED);
CREATE TABLE IF NOT EXISTS "staff_staff_duty" ("id" integer NOT NULL PRIMARY KEY AUTOINCREMENT, "staff_id" bigint NOT NULL REFERENCES "staff_staff" ("id") DEFERRABLE INITIALLY DEFERRED, "duty_id" bigint NOT NULL REFERENCES "staff_duty" ("id") DEFERRABLE INITIALLY DEFERRED);
DELETE FROM sqlite_sequence;
INSERT INTO sqlite_sequence VALUES('django_migrations',26);
INSERT INTO sqlite_sequence VALUES('django_admin_log',105);
INSERT INTO sqlite_sequence VALUES('django_content_type',16);
INSERT INTO sqlite_sequence VALUES('auth_permission',64);
INSERT INTO sqlite_sequence VALUES('auth_group',0);
INSERT INTO sqlite_sequence VALUES('auth_user',1);
INSERT INTO sqlite_sequence VALUES('staff_unit',7);
INSERT INTO sqlite_sequence VALUES('staff_duty',53);
INSERT INTO sqlite_sequence VALUES('staff_payroll',6);
INSERT INTO sqlite_sequence VALUES('staff_title',10);
INSERT INTO sqlite_sequence VALUES('staff_staff',85);
INSERT INTO sqlite_sequence VALUES('staff_staff_duty',107);
CREATE UNIQUE INDEX "auth_group_permissions_group_id_permission_id_0cd325b0_uniq" ON "auth_group_permissions" ("group_id", "permission_id");
CREATE INDEX "auth_group_permissions_group_id_b120cbf9" ON "auth_group_permissions" ("group_id");
CREATE INDEX "auth_group_permissions_permission_id_84c5c92e" ON "auth_group_permissions" ("permission_id");
CREATE UNIQUE INDEX "auth_user_groups_user_id_group_id_94350c0c_uniq" ON "auth_user_groups" ("user_id", "group_id");
CREATE INDEX "auth_user_groups_user_id_6a12ed8b" ON "auth_user_groups" ("user_id");
CREATE INDEX "auth_user_groups_group_id_97559544" ON "auth_user_groups" ("group_id");
CREATE UNIQUE INDEX "auth_user_user_permissions_user_id_permission_id_14a6b632_uniq" ON "auth_user_user_permissions" ("user_id", "permission_id");
CREATE INDEX "auth_user_user_permissions_user_id_a95ead1b" ON "auth_user_user_permissions" ("user_id");
CREATE INDEX "auth_user_user_permissions_permission_id_1fbb5f2c" ON "auth_user_user_permissions" ("permission_id");
CREATE INDEX "django_admin_log_content_type_id_c4bce8eb" ON "django_admin_log" ("content_type_id");
CREATE INDEX "django_admin_log_user_id_c564eba6" ON "django_admin_log" ("user_id");
CREATE UNIQUE INDEX "django_content_type_app_label_model_76bd3d3b_uniq" ON "django_content_type" ("app_label", "model");
CREATE UNIQUE INDEX "auth_permission_content_type_id_codename_01ab375a_uniq" ON "auth_permission" ("content_type_id", "codename");
CREATE INDEX "auth_permission_content_type_id_2f476e4b" ON "auth_permission" ("content_type_id");
CREATE INDEX "django_session_expire_date_a5c62663" ON "django_session" ("expire_date");
CREATE UNIQUE INDEX "staff_staff_duty_staff_id_duty_id_0d4e200f_uniq" ON "staff_staff_duty" ("staff_id", "duty_id");
CREATE INDEX "staff_staff_duty_staff_id_b6b952a3" ON "staff_staff_duty" ("staff_id");
CREATE INDEX "staff_staff_duty_duty_id_d11ff32a" ON "staff_staff_duty" ("duty_id");
CREATE INDEX "staff_staff_payroll_id_731e903d" ON "staff_staff" ("payroll_id");
CREATE INDEX "staff_staff_title_id_db19e04e" ON "staff_staff" ("title_id");
CREATE INDEX "staff_staffstaff_unit_id_0ba705ff" ON "staff_staff" ("unit_id");
CREATE INDEX "staff_staff_payroll_id_301e5945" ON "staff_staff" ("payroll_id");
CREATE INDEX "staff_staff_title_id_b2bdb270" ON "staff_staff" ("title_id");
CREATE INDEX "staff_staffstaff_unit_id_006a4bd0" ON "staff_staff" ("unit_id");
CREATE UNIQUE INDEX "staff_staff_duty_staff_id_duty_id_3ecdcd01_uniq" ON "staff_staff_duty" ("staff_id", "duty_id");
CREATE INDEX "staff_staff_duty_staff_id_790f2d8d" ON "staff_staff_duty" ("staff_id");
CREATE INDEX "staff_staff_duty_duty_id_9ad350d9" ON "staff_staff_duty" ("duty_id");
COMMIT;
